{
	"format_version": "1.8.0",
	"animations": {
		"zombified.illager.idle": {
			"loop": true,
			"animation_length": 2.5,
			"bones": {
				"head": {
					"rotation": {
						"0.0": [2.56855, 0.54033, 9.96943],
						"1.2083": [-10.27086, 1.38603, -10.01571],
						"2.5": [2.56855, 0.54033, 9.96943]
					},
					"position": {
						"0.0": [0.75, 0, 0],
						"1.2083": [-0.75, 0, 0],
						"2.5": [0.75, 0, 0]
					}
				},
				"left_arm": {
					"rotation": {
						"0.0": [-70, 0, 0],
						"1.2083": [-105, 0, 0],
						"2.5": [-70, 0, 0]
					},
					"position": {
						"0.0": [0.25, 0, -0.5],
						"1.2083": [-0.75, 0, -1],
						"2.5": [0.25, 0, -0.5]
					}
				},
				"right_arm": {
					"rotation": {
						"0.0": [-92.5, 0, 5],
						"1.2083": [-70.09907, -0.62127, -2.75236],
						"2.5": [-92.5, 0, 5]
					},
					"position": {
						"0.0": [0.5, 0, 0],
						"1.2083": [-0.5, -0.5, -0.75],
						"2.5": [0.5, 0, 0]
					}
				},
				"body": {
					"rotation": {
						"0.0": [0, 0, 2.5],
						"1.2083": [0, 0, -2.5],
						"2.5": [0, 0, 2.5]
					},
					"position": {
						"0.0": [0.75, 0, 0],
						"1.2083": [-0.75, 0, 0],
						"2.5": [0.75, 0, 0]
					}
				}
			}
		},
		"zombified.illager.walk": {
			"loop": true,
			"animation_length": 2.5,
			"bones": {
				"head": {
					"rotation": {
						"0.0": [2.56855, 0.54033, 9.96943],
						"1.2083": [-10.27086, 1.38603, -10.01571],
						"2.5": [2.56855, 0.54033, 9.96943]
					},
					"position": {
						"0.0": [0.75, 0, 0],
						"1.2083": [-0.75, 0, 0],
						"2.5": [0.75, 0, 0]
					}
				},
				"left_leg": {
					"rotation": {
						"0.0": [30, 0, 0],
						"1.2083": [-30, 0, 0],
						"2.5": [30, 0, 0]
					}
				},
				"right_leg": {
					"rotation": {
						"0.0": [-30, 0, 0],
						"1.2083": [30, 0, 0],
						"2.5": [-30, 0, 0]
					}
				},
				"left_arm": {
					"rotation": {
						"0.0": [-70, 0, 0],
						"1.2083": [-105, 0, 0],
						"2.5": [-70, 0, 0]
					},
					"position": {
						"0.0": [0.25, 0, -0.5],
						"1.2083": [-0.75, 0, -1],
						"2.5": [0.25, 0, -0.5]
					}
				},
				"right_arm": {
					"rotation": {
						"0.0": [-92.5, 0, 5],
						"1.2083": [-70.09907, -0.62127, -2.75236],
						"2.5": [-92.5, 0, 5]
					},
					"position": {
						"0.0": [0.5, 0, 0],
						"1.2083": [-0.5, -0.5, -0.75],
						"2.5": [0.5, 0, 0]
					}
				},
				"body": {
					"rotation": {
						"0.0": [0, 0, 2.5],
						"1.2083": [0, 0, -2.5],
						"2.5": [0, 0, 2.5]
					},
					"position": {
						"0.0": [0.75, 0, 0],
						"1.2083": [-0.75, 0, 0],
						"2.5": [0.75, 0, 0]
					}
				}
			}
		},
		"zombified.illager.attack": {
			"loop": "hold_on_last_frame",
			"animation_length": 0.625,
			"bones": {
				"head": {
					"rotation": {
						"0.0": [2.56855, 0.54033, 9.96943],
						"0.1667": [-29.84061, -2.01402, 2.91665],
						"0.3333": [-29.84061, -2.01402, 2.91665],
						"0.5": [32.06426, 6.95329, 2.27596]
					},
					"position": {
						"0.0": [0.75, 0, 0],
						"0.1667": [0.75, 0, 3.75],
						"0.3333": [0.75, 0, 3.75],
						"0.5": [0.75, 0, -4.75]
					}
				},
				"left_arm": {
					"rotation": {
						"0.0": [-70, 0, 0],
						"0.1667": [-147.89618, -5.35355, 8.45862],
						"0.3333": [-147.89618, -5.35355, 8.45862],
						"0.5": [-19.8423, 2.55868, 7.05239]
					},
					"position": {
						"0.0": [0.25, 0, -0.5],
						"0.1667": [0.25, 0, 2.75],
						"0.3333": [0.25, 0, 2.75],
						"0.5": [0.25, -1.25, -4.75]
					}
				},
				"right_arm": {
					"rotation": {
						"0.0": [-92.5, 0, 5],
						"0.1667": [-157.67352, 2.86313, -1.93488],
						"0.3333": [-157.67352, 2.86313, -1.93488],
						"0.5": [-24.81197, -3.1622, -1.80423]
					},
					"position": {
						"0.0": [0.5, 0, 0],
						"0.1667": [0.5, 0, 3],
						"0.3333": [0.5, 0, 3],
						"0.5": [0.5, -0.5, -4.25]
					}
				},
				"body": {
					"rotation": {
						"0.0": [0, 0, 2.5],
						"0.1667": [-15, 0, 2.5],
						"0.3333": [-15, 0, 2.5],
						"0.5": [15, 0, 2.5]
					},
					"position": {
						"0.0": [0.75, 0, 0],
						"0.1667": [0.75, 0, 3.75],
						"0.3333": [0.75, 0, 3.75],
						"0.5": [0.75, 0, -3.75]
					}
				}
			}
		}
	},
	"geckolib_format_version": 2
}