{
	"format_version": "1.8.0",
	"animations": {
		"animation.illagerminer.idle1": {
			"loop": true,
			"animation_length": 3.2,
			"bones": {
				"bipedArmRight": {
					"rotation": {
						"0.0": [0, 0, 2.5],
						"1.0": [-2.50238, 2.49762, 2.39088],
						"2.2": [0.00238, -0.10901, 0.00238],
						"3.2": [0, 0, 2.5]
					}
				},
				"bipedArmLeft": {
					"rotation": {
						"0.0": [0, 0, -2.5],
						"1.0": [2.5024, 2.49762, -2.3909],
						"2.2": [-0.0024, -0.10901, 0.00238],
						"3.2": [0, 0, -2.5]
					}
				},
				"bipedBody": {
					"rotation": {
						"0.0": [2.5, 0, 0],
						"1.5": [0, 0, 0],
						"3.2": [2.5, 0, 0]
					}
				},
				"bipedNose": {
					"rotation": {
						"0.0": [0, 0, 0],
						"1.5": [-2.5, 0, 0],
						"3.2": [0, 0, 0]
					},
					"position": [0, 0, 0]
				},
				"BipedHelmet": {
					"rotation": [0, 0, -7.5],
					"position": [0.75, 0, 0.1]
				}
			}
		},
		"animation.illagerminer.idle2": {
			"loop": true,
			"animation_length": 3.2,
			"bones": {
				"bipedArmRight": {
					"rotation": {
						"0.0": [0, 0, 2.5],
						"1.0": [-2.50238, 2.49762, 2.39088],
						"2.2": [0.00238, -0.10901, 0.00238],
						"3.2": [0, 0, 2.5]
					}
				},
				"bipedArmLeft": {
					"rotation": {
						"0.0": [-153.80286, 10.54794, -16.54397],
						"0.5": [-152.50031, 6.02218, -7.52998],
						"1.0": [-2.50238, -2.49762, -2.39088],
						"2.2": [0.00238, 0.10901, -0.00238],
						"3.2": [0, 0, -2.5]
					},
					"position": {
						"0.0": [0, -1.5, 0],
						"0.5": [0, -1.5, 0],
						"1.0": [0, 0, 0]
					}
				},
				"bipedBody": {
					"rotation": {
						"0.0": [2.5, 0, 0],
						"1.5": [0, 0, 0],
						"3.2": [2.5, 0, 0]
					}
				},
				"bipedNose": {
					"rotation": {
						"0.0": [0, 0, 0],
						"1.5": [-2.5, 0, 0],
						"3.2": [0, 0, 0]
					},
					"position": [0, 0, 0]
				},
				"BipedHelmet": {
					"rotation": {
						"0.0": [0, 0, -7.5],
						"0.5": [0, 0, 0],
						"2.9": [0, 0, 0],
						"3.0": [0, 0, -7.5]
					},
					"position": {
						"0.0": [0.75, 0, 0],
						"0.5": [0, 0, 0],
						"2.9": [0, 0, 0],
						"3.0": [0.75, 0, 0]
					}
				}
			}
		},
		"animation.illagerminer.walk": {
			"loop": true,
			"animation_length": 2,
			"bones": {
				"main": {
					"position": {
						"0.0": [0, -0.25, 0],
						"0.5": [0, 0, 0],
						"1.0": [0, -0.25, 0],
						"1.5": [0, 0, 0],
						"2.0": [0, -0.25, 0]
					}
				},
				"bipedLegLeft": {
					"rotation": {
						"0.0": [-15, 0, 0],
						"1.0": [15, 0, 0],
						"2.0": [-15, 0, 0]
					},
					"position": {
						"0.0": [0, 0.25, 0],
						"1.0": [0, 0, 0],
						"2.0": [0, 0.25, 0]
					}
				},
				"bipedArmRight": {
					"rotation": {
						"0.0": [12.5, 0, 0],
						"1.0": [-12.5, 0, 0],
						"2.0": [12.5, 0, 0]
					}
				},
				"bipedLegRight": {
					"rotation": {
						"0.0": [15, 0, 0],
						"1.0": [-15, 0, 0],
						"2.0": [15, 0, 0]
					},
					"position": {
						"0.0": [0, 0, 0],
						"1.0": [0, 0.25, 0],
						"2.0": [0, 0, 0]
					}
				},
				"bipedArmLeft": {
					"rotation": {
						"0.0": [12.5, 0, 0],
						"1.0": [-12.5, 0, 0],
						"2.0": [12.5, 0, 0]
					}
				},
				"bipedBody": {
					"rotation": {
						"0.0": [2.5, 0, 0],
						"1.0": [0, 0, 0],
						"2.0": [2.5, 0, 0]
					}
				},
				"bipedNose": {
					"rotation": {
						"0.0": [0, 0, 2.5],
						"1.0": [0, 0, -2.5],
						"2.0": [0, 0, 2.5]
					}
				},
				"BipedHelmet": {
					"rotation": [0, 0, -7.5],
					"position": [0.75, 0, 0.1]
				}
			}
		},
		"animation.illagerminer.walk2": {
			"loop": true,
			"animation_length": 0.6667,
			"bones": {
				"main": {
					"position": {
						"0.0": [0, -0.25, 0],
						"0.1667": [0, 0, 0],
						"0.3333": [0, -0.25, 0],
						"0.5": [0, 0, 0],
						"0.6667": [0, -0.25, 0]
					}
				},
				"bipedLegLeft": {
					"rotation": {
						"0.0": [-25, 0, 0],
						"0.3333": [25, 0, 0],
						"0.6667": [-25, 0, 0]
					}
				},
				"bipedArmRight": {
					"rotation": {
						"0.0": [-130.24258, 5.73853, -4.83711],
						"0.3333": [-120.02363, 2.16489, -1.2506],
						"0.6667": [-130.24258, 5.73853, -4.83711]
					},
					"position": {
						"0.0": [0, -2, 3],
						"0.3333": [0, -1.45, 1.85],
						"0.6667": [0, -2, 3]
					}
				},
				"bipedLegRight": {
					"rotation": {
						"0.0": [25, 0, 0],
						"0.3333": [-25, 0, 0],
						"0.6667": [25, 0, 0]
					}
				},
				"bipedArmLeft": {
					"rotation": {
						"0.0": [-15, 0, 0],
						"0.375": [15, 0, 0],
						"0.6667": [-15, 0, 0]
					},
					"position": {
						"0.0": [0, 0, 2],
						"0.375": [0, 0, 1],
						"0.6667": [0, 0, 2]
					}
				},
				"bipedNose": {
					"rotation": {
						"0.0": [4.98107, -0.43523, 4.98107],
						"0.3333": [-4.98107, -0.43523, -4.98107],
						"0.6667": [4.98107, -0.43523, 4.98107]
					}
				},
				"bipedBody": {
					"rotation": [-7.5, 0, 0],
					"position": {
						"0.0": [0, 0, 1.5],
						"0.375": [0, -0.25, 1.5],
						"0.6667": [0, 0, 1.5]
					}
				},
				"bipedHead": {
					"rotation": [-5, 0, 0],
					"position": [0, 0, 2]
				},
				"BipedHelmet": {
					"rotation": {
						"0.0": [0, 0, -7.5],
						"0.3333": [0, 0, -5],
						"0.6667": [0, 0, -7.5]
					},
					"position": {
						"0.0": [0.75, 0, 0.1],
						"0.3333": [0.53, -0.25, 0.1],
						"0.6667": [0.75, 0, 0.1]
					}
				}
			}
		},
		"animation.illagerminer.walk3": {
			"loop": true,
			"animation_length": 0.6667,
			"bones": {
				"main": {
					"position": {
						"0.0": [0, -0.25, 0],
						"0.1667": [0, 0, 0],
						"0.3333": [0, -0.25, 0],
						"0.5": [0, 0, 0],
						"0.6667": [0, -0.25, 0]
					}
				},
				"bipedLegLeft": {
					"rotation": {
						"0.0": [-27.5, 0, 0],
						"0.3333": [27.5, 0, 0],
						"0.6667": [-27.5, 0, 0]
					}
				},
				"bipedArmRight": {
					"rotation": {
						"0.0": [-150.42507, -11.58448, -54.51469],
						"0.3333": [-182.39369, -10.28995, -123.11568],
						"0.4167": [-180.04779, -10.66536, -103.22139],
						"0.6667": [-150.42507, -11.58448, -54.51469]
					},
					"position": {
						"0.0": [1.75, -2.25, 1.25],
						"0.4167": [2.25, -2.25, 1.25],
						"0.6667": [1.75, -2.25, 1.25]
					}
				},
				"bipedLegRight": {
					"rotation": {
						"0.0": [27.5, 0, 0],
						"0.3333": [-27.5, 0, 0],
						"0.6667": [27.5, 0, 0]
					}
				},
				"bipedArmLeft": {
					"rotation": {
						"0.0": [215.4251, 11.5845, 54.5147],
						"0.3333": [182.3937, 10.2899, 123.1157],
						"0.4167": [180.0478, 10.6654, 103.2214],
						"0.6667": [215.4251, 11.5845, 54.5147]
					},
					"position": {
						"0.0": [-1.75, -2.5, 1.25],
						"0.3333": [-2.25, -2.25, 1.25],
						"0.4167": [-2.25, -2.25, 1.75],
						"0.6667": [-1.75, -2.5, 1.25]
					}
				},
				"bipedNose": {
					"rotation": {
						"0.0": [4.98107, -0.43523, 4.98107],
						"0.3333": [-4.98107, -0.43523, -4.98107],
						"0.6667": [4.98107, -0.43523, 4.98107]
					}
				},
				"bipedBody": {
					"rotation": [-7.5, 0, 0],
					"position": {
						"0.0": [0, 0, 1.5],
						"0.375": [0, -0.25, 1.5],
						"0.6667": [0, 0, 1.5]
					}
				},
				"bipedHead": {
					"rotation": [-5, 0, 0],
					"position": [0, 0, 2]
				},
				"BipedHelmet": {
					"rotation": {
						"0.0": [0, 0, -7.5],
						"0.3333": [0, 0, -2.5],
						"0.6667": [0, 0, -7.5]
					},
					"position": {
						"0.0": [0.75, 0, 0.1],
						"0.3333": [0.28, -0.25, 0.1],
						"0.6667": [0.75, 0, 0.1]
					}
				}
			}
		},
		"animation.illagerminer.attack": {
			"animation_length": 0.41667,
			"bones": {
				"main": {
					"position": {
						"0.0": [0, 0, 0],
						"0.25": [0, 0, -2]
					}
				},
				"bipedArmRight": {
					"rotation": {
						"0.0": [-130.24258, 5.73853, -4.83711],
						"0.0833": [-130.24258, 5.73853, -4.83711],
						"0.25": [-24.99387, 6.79989, -2.55994],
						"0.2917": [-29.71136, 8.04447, -0.37338],
						"0.3333": [-24.99387, 6.79989, -2.55994]
					},
					"position": {
						"0.0": [0, -2, 2],
						"0.0833": [0, -2, 2],
						"0.25": [0, -1.25, 0]
					}
				},