{
	"format_version": "1.8.0",
	"animations": {
		"animation.illagerminerbadlands.idle": {
			"loop": true,
			"animation_length": 3,
			"bones": {
				"bipedArmLeft": {
					"rotation": {
						"0.0": [0, 0, 7.48],
						"1.5": [0, 0, 2.5],
						"3.0": [0, 0, 7.48]
					}
				},
				"bipedArmRight": {
					"rotation": {
						"0.0": [-120.09, 4.33, 2.5],
						"1.0": [-120.0947, -4.32871, 2.50473],
						"2.0": [-117.5898, -4.3813, -2.4089],
						"3.0": [-120.0947, 4.3288, 2.5048]
					}
				},
				"bipedHead": {
					"rotation": [0, 0, 0]
				},
				"lantern": {
					"rotation": {
						"0.0": [0, 0, 0],
						"1.0": [0, 20, 0],
						"2.0": [0, -15, 0],
						"2.8": [0, 0, 0]
					}
				},
				"nose": {
					"rotation": {
						"0.0": [0, 0, 3.5],
						"1.0": [0, 0, 0],
						"2.0": [0, 0, -3.5],
						"3.0": [0, 0, 3.5]
					}
				}
			}
		},
		"animation.illagerminerbadlands.walk": {
			"loop": true,
			"animation_length": 1.33333,
			"bones": {
				"main": {
					"position": {
						"0.0": [0, 0, 0],
						"0.3333": [0, -0.5, 0],
						"0.6667": [0, 0, 0],
						"1.0": [0, -0.6, 0],
						"1.3333": [0, 0, 0]
					}
				},
				"bipedLegLeft": {
					"rotation": {
						"0.0": [0, 0, 0],
						"0.3333": [-10, 0, 0],
						"0.6667": [0, 0, 0],
						"1.0": [10, 0, 0],
						"1.3333": [0, 0, 0]
					}
				},
				"bipedArmLeft": {
					"rotation": {
						"0.0": [0, 0, 0],
						"0.3333": [-10, 0, 0],
						"0.6667": [0, 0, 0],
						"1.0": [10, 0, 0],
						"1.3333": [0, 0, 0]
					}
				},
				"bipedLegRight": {
					"rotation": {
						"0.0": [0, 0, 0],
						"0.3333": [10, 0, 0],
						"0.6667": [0, 0, 0],
						"1.0": [-10, 0, 0],
						"1.3333": [0, 0, 0]
					}
				},
				"bipedArmRight": {
					"rotation": {
						"0.0": [-120.09, 0, 0],
						"0.3333": [-115, 0, 0],
						"0.6667": [-120.09, 0, 0],
						"1.0": [-115, 0, 0],
						"1.3333": [-120.09, 0, 0]
					}
				},
				"lantern": {
					"rotation": {
						"0.0": [0, 0, 0],
						"0.5417": [0, 8, 0],
						"0.8333": [0, 4, 0],
						"1.2083": [0, 0, 0]
					}
				},
				"nose": {
					"rotation": {
						"0.0": [0, 0, 0],
						"0.3333": [0, 0, 5],
						"0.6667": [0, 0, 0],
						"1.0": [0, 0, -5],
						"1.3333": [0, 0, 0]
					}
				}
			}
		},
		"animation.illagerminerbadlands.walk2": {
			"loop": true,
			"animation_length": 0.70833,
			"bones": {
				"main": {
					"position": {
						"0.0": [0, 0, 0],
						"0.3333": [0, -0.8, 0],
						"0.6667": [0, 0, 0]
					}
				},
				"bipedLegLeft": {
					"rotation": {
						"0.0": [-25, 0, 0],
						"0.3333": [25, 0, 0],
						"0.6667": [-25, 0, 0]
					}
				},
				"bipedArmLeft": {
					"rotation": {
						"0.0": [-120, 0, 0],
						"0.3333": [-120.02363, 2.16489, -1.2506],
						"0.6667": [-120, 0, 0]
					},
					"position": {
						"0.0": [0, 0, 0],
						"0.3333": [0, -0.7, -0.9],
						"0.6667": [0, 0, 0]
					}
				},
				"bipedLegRight": {
					"rotation": {
						"0.0": [25, 0, 0],
						"0.3333": [-25, 0, 0],
						"0.6667": [25, 0, 0]
					}
				},
				"bipedArmRight": {
					"rotation": {
						"0.0": [-100.09, 0, 0],
						"0.3333": [-95, 0, 0],
						"0.6667": [-100, 0, 0]
					}
				},
				"lantern": {
					"rotation": {
						"0.0": [-15.69284, -16.88547, 4.6653],
						"0.375": [-15, 16.8855, 4.6653],
						"0.7083": [-15.6928, -16.8855, 4.6653]
					}
				},
				"nose": {
					"rotation": {
						"0.0": [0, 0, -5],
						"0.3333": [0, 0, 5],
						"0.6667": [0, 0, -5]
					}
				}
			}
		},
		"animation.illagerminerbadlands.walk3": {
			"loop": true,
			"animation_length": 0.70833,
			"bones": {
				"main": {
					"position": {
						"0.0": [0, 0, 0],
						"0.3333": [0, -0.8, 0],
						"0.6667": [0, 0, 0]
					}
				},
				"bipedLegLeft": {
					"rotation": {
						"0.0": [-25, 0, 0],
						"0.3333": [25, 0, 0],
						"0.6667": [-25, 0, 0]
					}
				},
				"bipedArmLeft": {
					"rotation": {
						"0.0": [17.5, 0, 0],
						"0.3333": [-17.5, 0, 0],
						"0.6667": [17.5, 0, 0]
					}
				},
				"bipedLegRight": {
					"rotation": {
						"0.0": [25, 0, 0],
						"0.3333": [-25, 0, 0],
						"0.6667": [25, 0, 0]
					}
				},
				"bipedArmRight": {
					"rotation": {
						"0.0": [-100.09, 0, 0],
						"0.3333": [-95, 0, 0],
						"0.6667": [-100, 0, 0]
					}
				},
				"lantern": {
					"rotation": {
						"0.0": [-15.69284, -16.88547, 4.6653],
						"0.375": [-15, 16.8855, 4.6653],
						"0.7083": [-15.6928, -16.8855, 4.6653]
					}
				},
				"nose": {
					"rotation": {
						"0.0": [0, 0, -5],
						"0.3333": [0, 0, 5],
						"0.6667": [0, 0, -5]
					}
				}
			}
		},
		"animation.illagerminerbadlands.attack": {
			"animation_length": 0.5833,
			"bones": {
				"main": {
					"position": {
						"0.0": [0, 0, 0],
						"0.2917": [0, 0.3, 0],
						"0.375": [0, -0.4, 0],
						"0.5833": [0, 0.5, 0]
					}
				},
				"bipedArmLeft": {
					"rotation": {
						"0.0": [-120, 0, 0],
						"0.1667": [-12.5, 0, 0]
					}
				},
				"bipedArmRight": {
					"rotation": {
						"0.0": [-120.09, 0, 0],
						"0.25": [-122.68946, -4.26794, 2.60487],
						"0.375": [-111.38973, -2.13397, 1.30243],
						"0.5833": [-120.09, 0, 0]
					}
				},
				"bipedBody": {
					"rotation": {
						"0.0": [0, 0, 0],
						"0.25": [0, 0, 2.3],
						"0.375": [0, 0, -2.3],
						"0.5833": [0, 0, 0]
					}
				},
				"bipedHead": {
					"rotation": {
						"0.0": [0, 0, 0],
						"0.2917": [7.5, 0, 0],
						"0.4583": [0, 0, 0]
					}
				},
				"lantern": {
					"rotation": {
						"0.0": [0, 0, 0],
						"0.1667": [0, 7, 0],
						"0.3333": [0, -10, 0],
						"0.4583": [0, 0, 0]
					},
					"position": {
						"0.0": [0, 0, 0],
						"0.1667": [0, 0, -0.5],
						"0.3333": [0, 0, 0.5],
						"0.4583": [0, 0, 0]
					}
				},
				"nose": {
					"rotation": {
						"0.0": [-8, 0, 0],
						"0.1667": [2.5, 0, 0]
					}
				}
			}
		},
		"animation.illagerminerbadlands.attack2": {
			"loop": true,
			"animation_length": 0.58333,
			"bones": {
				"bipedHead": {
					"rotation": {
						"0.0": [7.5, 0, 0],
						"0.1667": [0, 0, 0],
						"0.2083": [-2.5, 0, 0],
						"0.3333": [0, 0, 0]
					}
				},
				"bipedArmRight": {
					"rotation": {
						"0.0": [-59.81181, 0.5704, 8.99676],
						"0.0833": [-82.59, 4.33, 2.5],
						"0.2083": [-120.09, 4.33, 2.5],
						"0.2917": [-127.77612, -0.70399, 0.07043]
					},
					"position": {
						"0.0": [0, -1.75, 0.5],
						"0.2917": [0.5, -1.75, 0.5]
					}
				},
				"lantern": {
					"rotation": {
						"0.0": [50, 0, 0],
						"0.125": [20, 0, 0],
						"0.2083": [-45, 0, 0],
						"0.3333": [25, 0, 0],
						"0.4167": [17.5, 0, 0]
					},
					"position": {
						"0.0": [0, 0.5, 0],
						"0.125": [0, 0.5, 0]
					}
				},
				"main": {
					"rotation": [0, 0, 0],
					"position": {
						"0.0": [0, -0.25, 0],
						"0.1667": [0, 0, 0],
						"0.2083": [0, 0, -0.25]
					}
				},
				"bipedBody": {
					"rotation": {
						"0.0": [5, 0, 0],
						"0.1667": [0, 0, 0],
						"0.2083": [-2.5, 0, 0],
						"0.3333": [0, 0, 0]
					}
				},
				"nose": {
					"rotation": {
						"0.0": [0, 0, 0],
						"0.125": [-5, 0, 0],
						"0.2083": [-10, 0, 0],
						"0.3333": [0, 0, 0]
					}
				},
				"bipedLegLeft": {
					"rotation": {
						"0.0": [2.5, 0, 0],
						"0.125": [0, 0, 0]
					}
				},
				"bipedLegRight": {
					"rotation": {
						"0.0": [-2.5, 0, 0],
						"0.125": [0, 0, 0]
					}
				},
				"bipedArmLeft": {
					"rotation": [-120, 0, 0],
					"position": [0, 0, 0]
				}
			}
		},
		"animation.illagerminerbadlands.death": {
			"animation_length": 0.625,
			"bones": {
				"main": {
					"rotation": {
						"0.0": {
							"vector": [0, 0, 0]
						},
						"0.25": {
							"vector": [-45, 0, 0]
						},
						"0.5": {
							"vector": [-90, 0, 0]
						}
					},
					"position": {
						"0.0": {
							"vector": [0, 0, 0]
						},
						"0.25": {
							"vector": [0, 0.5, -7.5]
						},
						"0.5": {
							"vector": [0, 1, -15]
						}
					}
				},