{
	"format_version": "1.8.0",
	"animations": {
		"animation.scrounger.idle1": {
			"loop": true,
			"animation_length": 2,
			"bones": {
				"RightWing": {
					"rotation": {
						"vector": [0, 0, 0]
					},
					"position": {
						"vector": [0, 0, 0]
					}
				},
				"Chest": {
					"rotation": {
						"vector": [0, 0, 0]
					},
					"position": {
						"vector": [0, 0, 0]
					},
					"scale": {
						"0.0": {
							"vector": [1, 1, 1]
						},
						"1.0": {
							"vector": [1.02, 1.02, 1.02]
						},
						"2.0": {
							"vector": [1, 1, 1]
						}
					}
				}
			}
		},
		"animation.scrounger.idle2": {
			"loop": true,
			"animation_length": 0.79167,
			"bones": {
				"RightWing": {
					"rotation": {
						"0.0": {
							"vector": [-22.75249, 51.08959, 98.89591]
						},
						"0.4167": {
							"vector": [-48.08874, 29.87258, 61.30719]
						},
						"0.7917": {
							"vector": [-22.75249, 51.08959, 98.89591]
						}
					},
					"position": {
						"vector": [0.5, -0.75, 1.25]
					}
				},
				"main": {
					"rotation": {
						"vector": [35, 0, 0]
					},
					"position": {
						"0.0": {
							"vector": [0, 0, 0]
						},
						"0.4167": {
							"vector": [0, -0.5, 0]
						},
						"0.7917": {
							"vector": [0, 0, 0]
						}
					}
				},
				"LeftWing": {
					"rotation": {
						"0.0": {
							"vector": [-22.75252, -51.08956, -98.89594]
						},
						"0.4167": {
							"vector": [-47.08356, -31.71848, -63.27017]
						},
						"0.7917": {
							"vector": [-22.75252, -51.08956, -98.89594]
						}
					},
					"position": {
						"vector": [-0.5, -1, 1.25]
					}
				},
				"Head": {
					"rotation": {
						"vector": [-30, 0, 0]
					},
					"position": {
						"vector": [0, 2.25, 0.5]
					}
				},
				"LeftLeg": {
					"rotation": {
						"0.0": {
							"vector": [10, 0, 0]
						},
						"0.4167": {
							"vector": [5, 0, 0]
						},
						"0.7917": {
							"vector": [10, 0, 0]
						}
					}
				},
				"RightLeg": {
					"rotation": {
						"0.0": {
							"vector": [10, 0, 0]
						},
						"0.4167": {
							"vector": [5, 0, 0]
						},
						"0.7917": {
							"vector": [10, 0, 0]
						}
					}
				}
			}
		},
		"animation.scrounger.fly": {
			"loop": true,
			"animation_length": 2,
			"bones": {
				"RightWing": {
					"rotation": {
						"0.0": [-22.75249, 51.08959, 98.89591],
						"0.5": [-20.53123, 50.37905, 103.7891],
						"1.0": [-21.62969, 48.7746, 100.36275],
						"1.5": [-20.53123, 50.37905, 103.7891],
						"2.0": [-22.75249, 51.08959, 98.89591]
					},
					"position": [0.5, -0.75, 1.25],
					"scale": {
						"0.0": [1, 1, 1],
						"1.0": [1.02, 1.02, 1.02],
						"2.0": [1, 1, 1]
					}
				},
				"main": {
					"rotation": [35, 0, 0],
					"position": [0, 0, 0]
				},
				"LeftWing": {
					"rotation": {
						"0.0": [-22.75252, -51.08956, -98.89594],
						"0.5": [-20.53127, -50.37901, -103.78912],
						"1.0": [-21.62973, -48.77457, -100.36277],
						"1.5": [-20.53127, -50.37901, -103.78912],
						"2.0": [-22.75252, -51.08956, -98.89594]
					},
					"position": [-0.5, -1, 1.25],
					"scale": {
						"0.0": [1, 1, 1],
						"1.0": [1.02, 1.02, 1.02],
						"2.0": [1, 1, 1]
					}
				},
				"Head": {
					"rotation": [-30, 0, 0],
					"position": [0, 2.25, 0.5]
				},
				"LeftLeg": {
					"rotation": {
						"0.0": [10, 0, 0],
						"1.0": [5, 0, 0],
						"1.9583": [10, 0, 0]
					}
				},
				"RightLeg": {
					"rotation": {
						"0.0": [10, 0, 0],
						"1.0": [5, 0, 0],
						"1.9583": [10, 0, 0]
					}
				},
				"Neck": {
					"rotation": [7.5, 0, 0]
				},
				"Chest": {
					"scale": {
						"0.0": [1, 1, 1],
						"1.0": [1.02, 1.02, 1.02],
						"2.0": [1, 1, 1]
					}
				},
				"Head2": {
					"position": [0, -1, 0]
				}
			}
		},
		"animation.scrounger.attack1": {
			"animation_length": 0.70833,
			"bones": {
				"RightWing": {
					"rotation": {
						"0.0": [-22.75249, 51.08959, 98.89591],
						"0.4167": [-134.40766, 3.7776, 2.53507],
						"0.4583": [-134.31829, 5.20869, 4.59006],
						"0.5": [-134.40766, 3.7776, 2.53507]
					},
					"position": {
						"0.0": [0.5, -1.25, 4.25],
						"0.4167": [-0.25, -1.25, 6]
					},
					"scale": 1
				},
				"main": {
					"rotation": [35, 0, 0],
					"position": [0, 0, 0]
				},
				"LeftWing": {
					"rotation": {
						"0.0": [-22.75252, -51.08956, -98.89594],
						"0.4167": [-134.52245, -6.03517, -5.03065],
						"0.4583": [-134.36993, -7.46101, -7.09656],
						"0.5": [-134.52245, -6.03517, -5.03065]
					},
					"position": {
						"0.0": [-0.5, -2, 4.25],
						"0.4167": [0, -2, 5.75]
					},
					"scale": 1
				},
				"Head": {
					"rotation": {
						"0.0": [-42.5, 0, 0],
						"0.25": [-62.5, 0, 0],
						"0.4167": [-47.5, 0, 0]
					},
					"position": {
						"0.0": [0, 2.75, 5.5],
						"0.25": [0, 3.5, 7],
						"0.4167": [0, 3, 7]
					}
				},
				"LeftLeg": {
					"rotation": {
						"0.0": [10, 0, 0],
						"0.4583": [-87.5, 0, 0]
					},
					"position": [0, 0.5, 0.25]
				},
				"RightLeg": {
					"rotation": {
						"0.0": [10, 0, 0],
						"0.4583": [-87.5, 0, 0]
					},
					"position": [0, 0.5, 0.25]
				},
				"Neck": {
					"rotation": [7.5, 0, 0]
				},
				"Chest": {
					"rotation": {
						"0.0": [-37.5, 0, 0],
						"0.4583": [-42.5, 0, 0]
					},
					"position": [0, 0, -1],
					"scale": 1
				},
				"Head2": {
					"rotation": {
						"0.0": [20, 0, 0],
						"0.4167": [35, 0, 0]
					},
					"position": [0, -1, 0]
				}
			}
		}
	},
	"geckolib_format_version": 2
}