{
	"format_version": "1.8.0",
	"animations": {
		"zombified.illager.idle": {
			"loop": true,
			"animation_length": 2.5,
			"bones": {
				"head": {
					"rotation": {
						"0.0": [2.56855, 0.54033, 9.96943],
						"1.2083": [-10.27086, 1.38603, -10.01571],
						"2.5": [2.56855, 0.54033, 9.96943]
					},
					"position": {
						"0.0": [0.75, 0, 0],
						"1.2083": [-0.75, 0, 0],
						"2.5": [0.75, 0, 0]
					}
				},
				"left_arm": {
					"rotation": {
						"0.0": [-70, 0, 0],
						"1.2083": [-105, 0, 0],
						"2.5": [-70, 0, 0]
					},
					"position": {
						"0.0": [0.25, 0, -0.5],
						"1.2083": [-0.75, 0, -1],
						"2.5": [0.25, 0, -0.5]
					}
				},
				"right_arm": {
					"rotation": {
						"0.0": [-92.5, 0, 5],
						"1.2083": [-70.09907, -0.62127, -2.75236],
						"2.5": [-92.5, 0, 5]
					},
					"position": {
						"0.0": [0.5, 0, 0],
						"1.2083": [-0.5, -0.5, -0.75],
						"2.5": [0.5, 0, 0]
					}
				},
				"body": {
					"rotation": {
						"0.0": [0, 0, 2.5],
						"1.2083": [0, 0, -2.5],
						"2.5": [0, 0, 2.5]
					},
					"position": {
						"0.0": [0.75, 0, 0],
						"1.2083": [-0.75, 0, 0],
						"2.5": [0.75, 0, 0]
					}
				}
			}
		},
		"zombified.illager.walk": {
			"loop": true,
			"animation_length": 2.5,
			"bones": {
				"head": {
					"rotation": {
						"0.0": [2.56855, 0.54033, 9.96943],
						"1.2083": [-10.27086, 1.38603, -10.01571],
						"2.5": [2.56855, 0.54033, 9.96943]
					},
					"position": {
						"0.0": [0.75, 0, 0],
						"1.2083": [-0.75, 0, 0],
						"2.5": [0.75, 0, 0]
					}
				},
				"left_leg": {
					"rotation": {
						"0.0": [30, 0, 0],
						"1.2083": [-30, 0, 0],
						"2.5": [30, 0, 0]
					}
				},
				"right_leg": {
					"rotation": {
						"0.0": [-30, 0, 0],
						"1.2083": [30, 0, 0],
						"2.5": [-30, 0, 0]
					}
				},
				"left_arm": {
					"rotation": {
						"0.0": [-70, 0, 0],
						"1.2083": [-105, 0, 0],
						"2.5": [-70, 0, 0]
					},
					"position": {
						"0.0": [0.25, 0, -0.5],
						"1.2083": [-0.75, 0, -1],
						"2.5": [0.25, 0, -0.5]
					}
				},
				"right_arm": {
					"rotation": {
						"0.0": [-92.5, 0, 5],
						"1.2083": [-70.09907, -0.62127, -2.75236],
						"2.5": [-92.5, 0, 5]
					},
					"position": {
						"0.0": [0.5, 0, 0],
						"1.2083": [-0.5, -0.5, -0.75],
						"2.5": [0.5, 0, 0]
					}
				},
				"body": {
					"rotation": {
						"0.0": [0, 0, 2.5],
						"1.2083": [0, 0, -2.5],
						"2.5": [0, 0, 2.5]
					},
					"position": {
						"0.0": [0.75, 0, 0],
						"1.2083": [-0.75, 0, 0],
						"2.5": [0.75, 0, 0]
					}
				},
				"main": {
					"position": {
						"0.0": [0, -1, 0],
						"0.5833": [0, -0.25, 0],
						"1.2083": [0, -1, 0],
						"1.875": [0, -0.25, 0],
						"2.5": [0, -1, 0]
					}
				}
			}
		},
		"zombified.illager.attack": {
			"loop": "hold_on_last_frame",
			"animation_length": 0.5,
			"bones": {
				"head": {
					"rotation": {
						"0.0": [2.56855, 0.54033, 9.96943],
						"0.1667": [-29.84061, -2.01402, 2.91665],
						"0.3333": [-29.84061, -2.01402, 2.91665],
						"0.5": [32.06426, 6.95329, 2.27596]
					},
					"position": {
						"0.0": [0.75, 0, 0],
						"0.1667": [0.75, 0, 3.75],
						"0.3333": [0.75, 0, 3.75],
						"0.5": [0.75, 0, -4.75]
					}
				},
				"left_arm": {
					"rotation": {
						"0.0": [-70, 0, 0],
						"0.1667": [-147.89618, -5.35355, 8.45862],
						"0.3333": [-147.89618, -5.35355, 8.45862],
						"0.5": [-19.8423, 2.55868, 7.05239]
					},
					"position": {
						"0.0": [0.25, 0, -0.5],
						"0.1667": [0.25, 0, 2.75],
						"0.3333": [0.25, 0, 2.75],
						"0.5": [0.25, -1.25, -4.75]
					}
				},
				"right_arm": {
					"rotation": {
						"0.0": [-92.5, 0, 5],
						"0.1667": [-157.67352, 2.86313, -1.93488],
						"0.3333": [-157.67352, 2.86313, -1.93488],
						"0.5": [-24.81197, -3.1622, -1.80423]
					},
					"position": {
						"0.0": [0.5, 0, 0],
						"0.1667": [0.5, 0, 3],
						"0.3333": [0.5, 0, 3],
						"0.5": [0.5, -0.5, -4.25]
					}
				},
				"body": {
					"rotation": {
						"0.0": [0, 0, 2.5],
						"0.1667": [-15, 0, 2.5],
						"0.3333": [-15, 0, 2.5],
						"0.5": [15, 0, 2.5]
					},
					"position": {
						"0.0": [0.75, 0, 0],
						"0.1667": [0.75, 0, 3.75],
						"0.3333": [0.75, 0, 3.75],
						"0.5": [0.75, 0, -3.75]
					}
				},
				"main": {
					"position": {
						"0.0": [0, -0.25, 0],
						"0.1667": [0, 0.25, 0],
						"0.5": [0, 0, 0]
					}
				}
			}
		},
		"zombified.illager.revive": {
			"loop": "hold_on_last_frame",
			"animation_length": 1.375,
			"bones": {
				"head": {
					"rotation": {
						"0.0": {
							"vector": [0, 0, 0]
						},
						"0.4583": {
							"vector": [-26.98, 0, 0]
						},
						"0.5833": {
							"vector": [-9.22, 0, 0]
						},
						"0.7917": {
							"vector": [4.1047, 0.53992, -7.48065]
						},
						"1.0": {
							"vector": [17.5, 0, 0]
						},
						"1.25": {
							"vector": [-2.84629, 0.24891, 4.99382]
						},
						"1.2917": {
							"vector": [-6.25, 0, 0]
						},
						"1.3333": {
							"vector": [0, 0, 0]
						}
					},
					"position": {
						"vector": [1, 0, 0]
					},
					"scale": {
						"0.0": {
							"vector": [0, 0, 0]
						},
						"0.4583": {
							"vector": [0, 0, 0]
						},
						"0.5": {
							"vector": [1, 1, 1]
						}
					}
				},
				"body": {
					"rotation": {
						"1.0": {
							"vector": [17.5, 0, 0]
						},
						"1.25": {
							"vector": [1.07143, 0, 1.07143]
						},
						"1.2917": {
							"vector": [18.75, 0, 1.25]
						},
						"1.3333": {
							"vector": [0, 0, 2.5]
						}
					},
					"position": {
						"vector": [0.75, 0, 0]
					},
					"scale": {
						"0.0": {
							"vector": [0, 0, 0]
						},
						"0.4583": {
							"vector": [0, 0, 0]
						},
						"0.5": {
							"vector": [1, 1, 1]
						}
					}
				},
				"left_arm": {
					"rotation": {
						"0.5": {
							"vector": [-157.37887, -12.19908, 21.99054]
						},
						"0.7083": {
							"vector": [-82.86856, -10.2602, -0.87037]
						},
						"0.7917": {
							"vector": [-45.36856, -10.2602, -0.87037]
						},
						"1.0": {
							"vector": [-30.36856, -10.2602, -0.87037]
						},
						"1.25": {
							"vector": [-60.7257, -10.2602, -0.87037]
						},
						"1.2917": {
							"vector": [-77.86856, -10.2602, -0.87037]
						},
						"1.375": {
							"vector": [-70, 0, 0]
						}
					},
					"position": {
						"vector": [0.25, 0, -0.5]
					},
					"scale": {
						"0.0": {
							"vector": [0, 0, 0]
						},
						"0.4167": {
							"vector": [0, 0, 0]
						},
						"0.5": {
							"vector": [1, 1, 1]
						}
					}
				},
				"right_arm": {
					"rotation": {
						"0.4167": {
							"vector": [-129.71619, 14.24, -17.60455]
						},
						"0.5": {
							"vector": [-142.21619, 14.24, -17.60455]
						},
						"0.7083": {
							"vector": [-84.45174, 14.97553, 3.05695]
						},
						"0.7917": {
							"vector": [-39.45174, 14.97553, 3.05695]
						},
						"1.0": {
							"vector": [-26.95174, 14.97553, 3.05695]
						},
						"1.25": {
							"vector": [-48.02317, 14.97553, 3.05695]
						},
						"1.2917": {
							"vector": [-71.95174, 14.97553, 3.05695]
						},
						"1.375": {
							"vector": [-92.5, 0, 5]
						}
					},
					"position": {
						"vector": [0.5, 0, 0]
					},
					"scale": {
						"0.0": {
							"vector": [0, 0, 0]
						},
						"0.4167": {
							"vector": [0, 0, 0]
						},
						"0.4583": {
							"vector": [1, 1, 1]
						}
					}
				},
				"left_leg": {
					"rotation": {
						"1.2917": {
							"vector": [2.5, 0, 0]
						},
						"1.3333": {
							"vector": [-6.25, 0, 0]
						},
						"1.375": {
							"vector": [0, 0, 0]
						}
					},
					"position": {
						"1.0417": {
							"vector": [0, 3, 1.25]
						},
						"1.25": {
							"vector": [0, 3, -1.75]
						},
						"1.2917": {
							"vector": [0, 1, 0.25]
						},
						"1.3333": {
							"vector": [0, 0, -0.75]
						},